Series Name,Series Code,Country Name,Country Code,1990 [YR1990],2000 [YR2000],2014 [YR2014],2015 [YR2015],2016 [YR2016],2017 [YR2017],2018 [YR2018],2019 [YR2019],2020 [YR2020],2021 [YR2021],2022 [YR2022],2023 [YR2023]
"PPP conversion factor, GDP (LCU per international $)",PA.NUS.PPP,Afghanistan,AFG,..,10.1998697270563,16.1278038080551,15.8235824504332,15.9236559656703,15.4202070236206,14.8562349775318,15.026434394062,15.3352430921872,14.5879421234131,14.9102820470681,..
"PPP conversion factor, GDP (LCU per international $)",PA.NUS.PPP,Albania,ALB,2.33817101051485,42.0198001710921,42.89701677571,42.7088500219256,42.3874615379273,42.259562222268,42.3056632943665,40.5518779586953,40.2120768842584,40.5962365523591,39.4929056444505,39.3625610746
"PPP conversion factor, GDP (LCU per international $)",PA.NUS.PPP,Algeria,DZA,3.12681665655872,15.7627365667337,33.4217802011761,34.1662413875974,36.0388086573497,37.458251953125,38.8773498535156,38.3893852233887,37.4388656616211,38.7630996704102,44.5011166577085,41.966491662277
"PPP conversion factor, GDP (LCU per international $)",PA.NUS.PPP,American Samoa,ASM,..,..,..,..,..,..,..,..,..,..,..,..
"PPP conversion factor, GDP (LCU per international $)",PA.NUS.PPP,Andorra,AND,0.481169191568553,0.705779895430886,0.688545090494479,0.686720483374888,0.682621757490967,0.678233981132507,0.656328009600346,0.64122788740431,0.627878780205223,0.604573547840118,0.588730553261158,0.601311820072143
"PPP conversion factor, GDP (LCU per international $)",PA.NUS.PPP,Angola,AGO,1.05946358259261E-08,2.08385618156183,66.0018757612622,69.5859035283092,82.8633266447229,95.8372421264648,111.44181060791,124.439605712891,146.909133911133,174.090515136719,184.936623659571,209.922137539756
"PPP conversion factor, GDP (LCU per international $)",PA.NUS.PPP,Antigua and Barbuda,ATG,1.58435036935068,1.68801336758944,1.93511005167144,2.06855869734309,2.09674444871081,2.13833737373352,2.01181793212891,1.92162227630615,1.85506355762482,1.81939482688904,1.81017947393948,1.83044748608644
"PPP conversion factor, GDP (LCU per international $)",PA.NUS.PPP,Argentina,ARG,0.293939470122175,0.66408924471236,5.46151378584004,6.88258971224653,9.32211732577767,10.2927856445313,13.5268135070801,20.3836688995361,26.8871841430664,38.783332824707,61.4031809748514,138.535504351528
"PPP conversion factor, GDP (LCU per international $)",PA.NUS.PPP,Armenia,ARM,0.00513118142399785,126.51695522113,164.557666539169,172.04720077425,160.208207872256,154.786590576172,157.376907348633,147.486145019531,141.940551757813,148.241226196289,149.549508990476,148.376614712426
"PPP conversion factor, GDP (LCU per international $)",PA.NUS.PPP,Aruba,ABW,0.923371170771069,1.12586291238992,1.3117209860102,1.36631378592424,1.36001458924542,1.35663664340973,1.37060558795929,1.42321181297302,1.4119086265564,1.36395359039307,1.3177220251751,..
"PPP conversion factor, GDP (LCU per international $)",PA.NUS.PPP,Australia,AUS,1.364415,1.31208,1.452489,1.473691,1.450156,1.477553,1.470403,1.459253,1.431163,1.416683,1.372115,1.391128
"PPP conversion factor, GDP (LCU per international $)",PA.NUS.PPP,Austria,AUT,0.920645,0.907505,0.798797,0.798813,0.776931,0.775009,0.765403,0.738332,0.728799,0.713469,0.69687,0.708583
"PPP conversion factor, GDP (LCU per international $)",PA.NUS.PPP,Azerbaijan,AZE,7.77760368660978E-06,0.173325525102385,0.352385193609108,0.373831913649521,0.426016726419135,0.498603373765945,0.52723491191864,0.48993256688118,0.474218666553497,0.457138150930405,0.586238873845687,0.513547203253494
"PPP conversion factor, GDP (LCU per international $)",PA.NUS.PPP,"Bahamas, The",BHS,0.981485753028117,0.9786048604471,0.918396825378532,0.955871813530898,0.94831266986888,0.929797828197479,0.926608264446259,0.931452453136444,0.962290525436401,0.977568686008453,0.952545397837921,0.977354359953442
"PPP conversion factor, GDP (LCU per international $)",PA.NUS.PPP,Bahrain,BHR,0.1358150706556,0.121675205889737,0.183168477622234,0.18578421233034,0.188678214863324,0.185696244239807,0.190370857715607,0.181090995669365,0.171287223696709,0.185745358467102,0.186887239698007,0.171277544238009
"PPP conversion factor, GDP (LCU per international $)",PA.NUS.PPP,Bangladesh,BGD,13.5555757069273,15.8119501250685,25.6504046099574,27.0466120505002,28.1895707253508,29.3513450622559,29.397891998291,29.595682144165,28.7098007202148,28.296688079834,27.7700944941562,28.6414527647285
"PPP conversion factor, GDP (LCU per international $)",PA.NUS.PPP,Barbados,BRB,1.61904143173732,1.77388453082101,2.17185445575247,2.12912761290443,2.11681498966242,2.20044374465942,2.16222667694092,2.1943838596344,2.31882476806641,2.38420343399048,2.31815692185701,2.34255483499186
"PPP conversion factor, GDP (LCU per international $)",PA.NUS.PPP,Belarus,BLR,8.13056391102997E-09,0.0157733803009291,0.447961900499018,0.524063800819057,0.562285911430173,0.607136130332947,0.647122502326965,0.641350507736206,0.641749382019043,0.688632726669312,0.739093726065468,0.765644162330282
"PPP conversion factor, GDP (LCU per international $)",PA.NUS.PPP,Belgium,BEL,0.913792,0.9,0.800214,0.799998,0.781011,0.775634,0.766407,0.735832,0.716165,0.705865,0.694643,0.701943
"PPP conversion factor, GDP (LCU per international $)",PA.NUS.PPP,Belize,BLZ,1.33983748348375,1.25437886555622,1.29150204825605,1.29049548931782,1.30670152863667,1.3314516544342,1.26605069637299,1.17554986476898,1.08695876598358,1.04862034320831,1.05179251000316,1.12538351296439
"PPP conversion factor, GDP (LCU per international $)",PA.NUS.PPP,Benin,BEN,117.74877732233,207.120597966059,222.692274402436,217.456302674407,210.711777650076,212.266235351563,215.738403320313,210.404876708984,212.435317993164,211.106674194336,205.382854907654,204.868568650122
"PPP conversion factor, GDP (LCU per international $)",PA.NUS.PPP,Bermuda,BMU,0.873403381161433,1.18434273972565,1.40246737743196,1.38070297151496,1.35237412323767,1.31113624572754,1.3166686296463,1.2727233171463,1.25638365745544,1.22146320343018,1.15182313324744,..
"PPP conversion factor, GDP (LCU per international $)",PA.NUS.PPP,Bhutan,BTN,5.76988051627684,11.3507514435355,18.6523909843043,18.5540349498169,18.7895935012333,19.1576099395752,19.4274578094482,19.5122108459473,18.9579467773438,19.6103916168213,19.3820884877905,..
"PPP conversion factor, GDP (LCU per international $)",PA.NUS.PPP,Bolivia,BOL,0.948284831398099,1.7962451928335,2.98222152129765,2.89461967008556,2.77929957475478,2.68458724021912,2.70201420783997,2.63906097412109,2.58266496658325,2.473956823349,2.42966081266613,2.38405548204567
"PPP conversion factor, GDP (LCU per international $)",PA.NUS.PPP,Bosnia and Herzegovina,BIH,0.000236623314922178,0.685164821474548,0.687254473403226,0.694141200658486,0.675592645843318,0.680729263250434,0.674483305758225,0.651095042397128,0.64300817007033,0.650537905636343,0.67184726342838,0.66728664015
"PPP conversion factor, GDP (LCU per international $)",PA.NUS.PPP,Botswana,BWA,0.865849483528228,1.83637885776685,4.26111911097054,4.39801690629992,4.53364620382533,4.68247842788696,4.78663778305054,4.83345651626587,4.73711633682251,4.81988048553467,5.16103888555681,5.08539302521326
"PPP conversion factor, GDP (LCU per international $)",PA.NUS.PPP,Brazil,BRA,1.15782219431751E-05,0.757895423863969,1.82485052496386,2.00586931129873,2.15597159643949,2.2096791267395,2.19759154319763,2.21644520759583,2.26491117477417,2.37927412986755,2.4132659496421,2.43687587390419
"PPP conversion factor, GDP (LCU per international $)",PA.NUS.PPP,British Virgin Islands,VGB,..,..,1.06438324097038,1.07150204918829,1.05583141549163,1.02022969722748,..,..,..,..,..,..
"PPP conversion factor, GDP (LCU per international $)",PA.NUS.PPP,Brunei Darussalam,BRN,0.441547856095086,0.467872486309306,0.639973852632925,0.671476413971766,0.649816136215978,0.627636611461639,0.641614973545074,0.598504781723022,0.530513346195221,0.532498598098755,0.618042309395163,0.519406037460836
"PPP conversion factor, GDP (LCU per international $)",PA.NUS.PPP,Bulgaria,BGR,0.000689993081721717,0.535963389616538,0.661276129189449,0.678748014118628,0.666690282205691,0.676343930933592,0.680144565895468,0.675831035738438,0.675228525618504,0.687201251119323,0.731910324366598,0.73855396687
"PPP conversion factor, GDP (LCU per international $)",PA.NUS.PPP,Burkina Faso,BFA,162.603597676028,197.190476067457,227.32319645766,220.230356318142,209.026483556174,201.595275878906,208.284194946289,200.763061523438,199.51708984375,199.724746704102,197.575448819048,194.43591626971
"PPP conversion factor, GDP (LCU per international $)",PA.NUS.PPP,Burundi,BDI,71.2201327683378,186.774394013755,534.965252683798,553.845954285664,564.395746237552,626.167602539063,605.947692871094,582.1962890625,595.613830566406,609.599182128906,673.899754859012,724.166952175717
"PPP conversion factor, GDP (LCU per international $)",PA.NUS.PPP,Cabo Verde,CPV,56.1968403203483,53.2987183425303,51.5741783033941,50.1083685967126,48.9434198790022,47.9817543029785,50.6804847717285,49.9072380065918,49.9931755065918,48.1704940795898,48.3982417462301,48.4973794995055
"PPP conversion factor, GDP (LCU per international $)",PA.NUS.PPP,Cambodia,KHM,86.8117839182122,1078.41638024584,1403.65131683703,1419.62490608612,1431.95643542498,1464.89099121094,1468.92175292969,1468.90258789063,1433.76916503906,1426.95983886719,1387.3584184715,1370.47995628293
"PPP conversion factor, GDP (LCU per international $)",PA.NUS.PPP,Cameroon,CMR,164.477217353004,238.667458222683,237.978546205408,239.178321644092,235.558761961864,230.585388183594,223.165771484375,214.872512817383,205.106994628906,193.458953857422,190.378507508753,188.690484605277
"PPP conversion factor, GDP (LCU per international $)",PA.NUS.PPP,Canada,CAN,1.241556,1.227599,1.230358,1.248042,1.207045,1.212304,1.206524,1.21786,1.201689,1.180039,1.164518,1.169928
"PPP conversion factor, GDP (LCU per international $)",PA.NUS.PPP,Cayman Islands,CYM,..,..,0.99439360585177,0.994372223398472,0.987132743486325,0.980794370174408,0.973204851150513,1.01165902614594,1.03776144981384,0.971421658992767,0.940041537680288,..
"PPP conversion factor, GDP (LCU per international $)",PA.NUS.PPP,Central African Republic,CAF,220.156772522321,265.456943401171,289.523862798561,281.678445462478,277.77130437401,284.033508300781,279.155090332031,267.258697509766,249.863265991211,241.880676269531,239.455788123616,238.889655747751
"PPP conversion factor, GDP (LCU per international $)",PA.NUS.PPP,Chad,TCD,118.504965481537,160.724093307124,295.994964502156,247.173979732254,240.898708633551,236.582992553711,236.522491455078,222.573471069336,228.273208618164,215.510940551758,231.827313874203,221.579449198094
"PPP conversion factor, GDP (LCU per international $)",PA.NUS.PPP,Channel Islands,CHI,..,..,..,..,..,..,..,..,..,..,..,..
"PPP conversion factor, GDP (LCU per international $)",PA.NUS.PPP,Chile,CHL,170.538946,290.42564,367.213907,391.178861,397.250703,397.689401,396.229413,397.674408,409.841785,423.046172,426.098226,431.415905
"PPP conversion factor, GDP (LCU per international $)",PA.NUS.PPP,China,CHN,1.69385761797799,2.7221220536389,3.69370698094559,3.78151493601969,3.87428963630967,4.04005241394043,4.0940899848938,4.05960941314697,4.01465654373169,3.98740887641907,3.79164163126917,3.63870415348481
"PPP conversion factor, GDP (LCU per international $)",PA.NUS.PPP,Colombia,COL,174.35429956034,787.293628290532,1226.73296705297,1285.02792440792,1298.142605,1328.016627,1322.160543,1312.630441,1270.743624,1316.324081,1345.664277,1401.241791
"PPP conversion factor, GDP (LCU per international $)",PA.NUS.PPP,Comoros,COM,165.583148102849,191.642433390118,203.678765355994,199.850769960143,193.337098291326,185.247711181641,194.22834777832,201.542678833008,201.675567626953,191.480773925781,188.120610047823,187.337048545402
"PPP conversion factor, GDP (LCU per international $)",PA.NUS.PPP,"Congo, Dem. Rep.",COD,7.33538738850968E-10,62.6020779087393,526.671156137783,504.318397710934,488.937875394933,637.266418457031,801.573486328125,786.309387207031,827.004272460938,845.45068359375,869.66230844062,949.600728138881
"PPP conversion factor, GDP (LCU per international $)",PA.NUS.PPP,"Congo, Rep.",COG,101.712253170392,216.619478568494,310.148249007748,305.860507611743,308.857562222479,288.932281494141,267.577697753906,254.912139892578,240.513336181641,222.775375366211,246.126341604789,219.499486949798
"PPP conversion factor, GDP (LCU per international $)",PA.NUS.PPP,Costa Rica,CRI,33.3598921709498,149.128232298301,358.296647355548,357.331417946744,343.013617,340.991882,337.901936,324.21736,328.024138,330.139374,330.359953,323.002654
"PPP conversion factor, GDP (LCU per international $)",PA.NUS.PPP,Cote d'Ivoire,CIV,133.162790947221,218.590461361369,241.335175375635,243.635291074975,243.626233914782,243.185577392578,239.319000244141,227.483108520508,226.308700561523,225.288803100586,214.859767121065,212.455422789034
"PPP conversion factor, GDP (LCU per international $)",PA.NUS.PPP,Croatia,HRV,0.000840774475040723,0.502556414707275,0.47033400933019,0.466205870301279,0.44888763865447,0.441300421019375,0.439481678374786,0.420483275243198,0.410348968680332,0.407480861153502,0.418247327978947,0.432290262501
"PPP conversion factor, GDP (LCU per international $)",PA.NUS.PPP,Cuba,CUB,..,..,..,..,..,..,..,..,..,..,..,..
"PPP conversion factor, GDP (LCU per international $)",PA.NUS.PPP,Curacao,CUW,..,1.29531765850749,1.44264700268815,1.44180680115009,1.43384853460778,1.3937920331955,1.38988649845123,1.35468888282776,1.34318399429321,1.27898454666138,1.24247153090058,..
"PPP conversion factor, GDP (LCU per international $)",PA.NUS.PPP,Cyprus,CYP,0.56450743205971,0.717009542951588,0.679758790944986,0.663187330616001,0.622352107686858,0.615242549742787,0.612482709050964,0.588119050096239,0.578571291688758,0.57124443491531,0.565932817756371,0.562049096539
"PPP conversion factor, GDP (LCU per international $)",PA.NUS.PPP,Czechia,CZE,5.564727,14.330601,12.70321,12.93798,12.576343,12.424986,12.371528,12.097428,12.150267,12.009202,12.299963,12.55055
"PPP conversion factor, GDP (LCU per international $)",PA.NUS.PPP,Denmark,DNK,9.128273,8.670198,7.328674,7.305357,7.079856,6.871679,6.765997,6.538391,6.365057,6.232205,6.153561,6.106244
"PPP conversion factor, GDP (LCU per international $)",PA.NUS.PPP,Djibouti,DJI,..,..,98.9317078461664,99.0363704788697,100.676858452801,99.5235977172852,95.0324554443359,93.4095001220703,91.4775085449219,90.2278900146484,88.1864818337069,88.9688656185565
"PPP conversion factor, GDP (LCU per international $)",PA.NUS.PPP,Dominica,DMA,1.75573626955766,1.98581860616897,1.81703136092294,1.84929405183459,1.83599159643013,1.7490713596344,1.65106189250946,1.59957265853882,1.48380184173584,1.43059825897217,1.38411509153338,1.37371497415892
"PPP conversion factor, GDP (LCU per international $)",PA.NUS.PPP,Dominican Republic,DOM,3.01281656734007,7.00072577907396,21.0117121817115,20.6937523694375,20.2578266034366,20.916202545166,21.6887969970703,21.2349720001221,21.22900390625,22.1248188018799,22.884035452683,23.4976010939251
"PPP conversion factor, GDP (LCU per international $)",PA.NUS.PPP,Ecuador,ECU,0.300494876168798,0.241180552154903,0.541231103859059,0.549392960000155,0.543826095333172,0.528539717197418,0.517270743846893,0.494702249765396,0.473994910717011,0.448739469051361,0.428426845936648,0.411672575202021
"PPP conversion factor, GDP (LCU per international $)",PA.NUS.PPP,"Egypt, Arab Rep.",EGY,0.460036472488594,0.853633230325808,2.12936870268238,2.25048568402486,2.49919886929529,3.16914701461792,3.58117437362671,3.89337968826294,3.69509267807007,3.8546199798584,3.97650760312565,4.78817690627537
"PPP conversion factor, GDP (LCU per international $)",PA.NUS.PPP,El Salvador,SLV,0.312351901935694,0.448365302001903,0.488559921983099,0.477749754158758,0.461390403903444,0.448413670063019,0.45454740524292,0.442782253026962,0.425564259290695,0.429484784603119,0.429894913347115,0.426094939009153
"PPP conversion factor, GDP (LCU per international $)",PA.NUS.PPP,Equatorial Guinea,GNQ,140.016403646919,159.472589157018,282.488476354166,275.256840579949,265.282044557899,245.970474243164,244.417373657227,242.327987670898,242.573852539063,228.967514038086,256.125849437758,228.929537109749
"PPP conversion factor, GDP (LCU per international $)",PA.NUS.PPP,Eritrea,ERI,..,1.94218944748354,6.02877801055876,5.77168411573234,5.74096300770369,5.39268779754639,4.96084139586241,4.69091466303122,5.01428809751443,4.93847894668579,..,..
"PPP conversion factor, GDP (LCU per international $)",PA.NUS.PPP,Estonia,EST,0.0045189525963108,0.46886,0.52689,0.53758,0.527849,0.534908,0.538757,0.52869,0.515202,0.524476,0.556882,0.562992
"PPP conversion factor, GDP (LCU per international $)",PA.NUS.PPP,Eswatini,SWZ,0.997676105178156,2.54323340849326,4.89211165601035,5.1948186108593,5.61428934110556,5.98295021057129,6.16247987747192,6.11483430862427,6.11999368667603,5.89536285400391,5.99196786206592,5.96839720517122
"PPP conversion factor, GDP (LCU per international $)",PA.NUS.PPP,Ethiopia,ETH,1.30103355009071,2.10225756322277,7.0664702105877,7.65418596878957,7.91032495172366,8.33639240264893,9.31989192962646,10.3675975799561,11.7911653518677,13.7311124801636,17.2749892425429,22.171172211744
"PPP conversion factor, GDP (LCU per international $)",PA.NUS.PPP,Faroe Islands,FRO,..,..,6.35471493936679,6.60224825867018,7.04876256579748,6.95062971115112,6.69964343061627,6.76000199752143,6.60500877907687,6.37792730331421,6.1901196523216,..
"PPP conversion factor, GDP (LCU per international $)",PA.NUS.PPP,Fiji,FJI,0.647576257832347,0.755429162237239,0.932632883062748,0.911280753973239,0.937498468146302,0.939452171325684,0.960431039333344,0.972497940063477,0.935144364833832,0.910048425197601,0.87120795599342,0.877554298905316
"PPP conversion factor, GDP (LCU per international $)",PA.NUS.PPP,Finland,FIN,1.00593,0.983998,0.90721,0.907748,0.880895,0.863657,0.853746,0.826328,0.802112,0.782813,0.769643,0.764142
"PPP conversion factor, GDP (LCU per international $)",PA.NUS.PPP,France,FRA,1.025598,0.930251,0.807565,0.808694,0.780044,0.770109,0.756166,0.705954,0.693052,0.685873,0.674142,0.672356
"PPP conversion factor, GDP (LCU per international $)",PA.NUS.PPP,French Polynesia,PYF,..,..,..,..,..,..,..,..,..,..,..,..
"PPP conversion factor, GDP (LCU per international $)",PA.NUS.PPP,Gabon,GAB,146.779135701668,226.0422633805,305.866491635978,291.221671949243,282.679241786938,271.626159667969,274.421081542969,273.352203369141,262.635467529297,244.922546386719,260.514790099624,232.714326775648
"PPP conversion factor, GDP (LCU per international $)",PA.NUS.PPP,"Gambia, The",GMB,2.36222850459341,2.96108712401511,12.2586085125174,13.231134230546,14.0085076067416,14.6875677108765,14.7201194763184,15.2599792480469,14.6587619781494,14.7418222427368,14.9623485870442,16.3016525087778
"PPP conversion factor, GDP (LCU per international $)",PA.NUS.PPP,Georgia,GEO,5.43243961669409E-07,0.475842923404017,0.724575737652637,0.755844016936428,0.75056031815742,0.80830192565918,0.810541391372681,0.797049462795258,0.796508133411407,0.865621149539948,0.874471557373873,0.864621897098242
"PPP conversion factor, GDP (LCU per international $)",PA.NUS.PPP,Germany,DEU,0.947328,0.943092,0.768937,0.778122,0.752608,0.744783,0.735448,0.717745,0.706836,0.70199,0.694484,0.703527
"PPP conversion factor, GDP (LCU per international $)",PA.NUS.PPP,Ghana,GHA,0.0172229476542923,0.130311081152762,1.02569231218683,1.2319478577983,1.49273430727059,1.69359111785889,1.81923377513885,1.90021753311157,2.03251671791077,2.14874577522278,2.5728544611704,3.30353646845364
"PPP conversion factor, GDP (LCU per international $)",PA.NUS.PPP,Gibraltar,GIB,..,..,..,..,..,..,..,..,..,..,..,..
"PPP conversion factor, GDP (LCU per international $)",PA.NUS.PPP,Greece,GRC,0.335725,0.669688,0.611135,0.60907,0.58858,0.575041,0.564857,0.540972,0.530251,0.520093,0.509116,0.516235
"PPP conversion factor, GDP (LCU per international $)",PA.NUS.PPP,Greenland,GRL,5.53999324887916,5.18815104968047,5.01010184737388,5.36832327155079,5.50591888568945,5.5857400894165,5.5727136828431,5.53253136418962,5.51685943709696,5.2741265296936,..,..
"PPP conversion factor, GDP (LCU per international $)",PA.NUS.PPP,Grenada,GRD,1.65263602629017,1.7886707593757,1.76332675424059,1.77640442684524,1.78124296159634,1.75041949748993,1.70418763160706,1.71770310401917,1.68615663051605,1.69825077056885,1.61232232108663,1.60029951889601
"PPP conversion factor, GDP (LCU per international $)",PA.NUS.PPP,Guam,GUM,..,..,..,..,..,..,..,..,..,..,..,..
"PPP conversion factor, GDP (LCU per international $)",PA.NUS.PPP,Guatemala,GTM,1.0018998405141,2.38185481759936,3.46321590831435,3.33602577933495,3.35347846470893,3.32418703342023,3.29055680271627,3.22869804185546,3.15825575504794,3.21316480636597,3.18864837603903,3.22796367830501
"PPP conversion factor, GDP (LCU per international $)",PA.NUS.PPP,Guinea,GIN,458.161679987626,756.939590675843,2865.0392114501,2899.10785161767,2831.13495412508,2819.40551757813,2956.56860351563,3049.65771484375,3024.84619140625,3108.34375,3223.07965190677,3339.63879870911
"PPP conversion factor, GDP (LCU per international $)",PA.NUS.PPP,Guinea-Bissau,GNB,26.5738155530081,221.995171154475,221.127199651877,220.453013565298,220.773659150318,218.427780151367,218.222854614258,211.497299194336,208.34016418457,203.716125488281,204.209059538033,210.840293617353
"PPP conversion factor, GDP (LCU per international $)",PA.NUS.PPP,Guyana,GUY,17.2742806243993,72.4825855681007,101.375412205949,102.094796608881,105.270612299159,104.212295532227,100.972465515137,100.869819641113,83.9942855834961,89.9150695800781,94.0708073055725,77.8205942538508
"PPP conversion factor, GDP (LCU per international $)",PA.NUS.PPP,Haiti,HTI,1.76739076347702,7.22519146588284,21.1849011772733,22.6450678685725,24.4649311750741,27.4248027801514,30.6184539794922,35.1456756591797,41.5539588928223,47.4995269775391,57.7769104933783,73.3113538690668
"PPP conversion factor, GDP (LCU per international $)",PA.NUS.PPP,Honduras,HND,1.96991121576884,6.26659638188937,10.2576082952577,10.2860294736705,10.1593988234018,10.0832586288452,10.4576015472412,10.6014041900635,10.5345764160156,10.5899238586426,10.8146379387937,11.0790007804808
"PPP conversion factor, GDP (LCU per international $)",PA.NUS.PPP,"Hong Kong SAR, China",HKG,5.75559897680969,7.1099621207536,5.73436990761836,5.86912301261529,5.98074194926428,6.07040023803711,6.24729061126709,6.18961668014526,6.14700174331665,5.87204074859619,5.5785054273937,5.55294423577267
"PPP conversion factor, GDP (LCU per international $)",PA.NUS.PPP,Hungary,HUN,22.9251999645913,110.072623,129.414974,132.55351,132.033797,136.036522,139.092451,138.79714,141.838435,147.108198,156.944391,170.212279
"PPP conversion factor, GDP (LCU per international $)",PA.NUS.PPP,Iceland,ISL,67.341808,84.722798,138.547869,141.974926,140.02995,138.277175,140.970278,138.667852,143.25338,141.919971,138.343002,140.155004
"PPP conversion factor, GDP (LCU per international $)",PA.NUS.PPP,India,IND,5.49548841138139,9.67413340527115,18.3007666190468,19.1154412106207,19.7442391048838,20.4555778503418,20.4745960235596,20.2395000457764,20.3193664550781,20.7278957366943,20.6710586136569,20.2166267502145
"PPP conversion factor, GDP (LCU per international $)",PA.NUS.PPP,Indonesia,IDN,349.730990191927,1386.45158482671,4056.66266202967,4390.64649743196,4566.57066796941,4756.1689453125,4833.59912109375,4847.4453125,4791.0068359375,4808.42919921875,4921.88533924766,4821.59457441777
"PPP conversion factor, GDP (LCU per international $)",PA.NUS.PPP,"Iran, Islamic Rep.",IRN,96.6739217752023,950.190258418351,9758.5537109375,10701.5615234375,11796.810546875,13061.294921875,16923.19921875,23549.041015625,32954.5859375,50488.171875,71026.7284811549,91081.211147176
"PPP conversion factor, GDP (LCU per international $)",PA.NUS.PPP,Iraq,IRQ,..,193.439051776108,553.360835974816,555.267500826667,563.814832515689,552.902282714844,554.960876464844,547.339233398438,484.264739990234,554.465393066406,657.819610114823,519.239819509762
"PPP conversion factor, GDP (LCU per international $)",PA.NUS.PPP,Ireland,IRL,0.784333,0.943829,0.819041,0.809686,0.794289,0.794405,0.792214,0.794143,0.775446,0.755709,0.737879,0.751366
"PPP conversion factor, GDP (LCU per international $)",PA.NUS.PPP,Isle of Man,IMN,..,..,..,..,..,..,..,..,..,..,..,..
"PPP conversion factor, GDP (LCU per international $)",PA.NUS.PPP,Israel,ISR,1.709394,3.432626,3.940387,3.923925,3.788511,3.751633,3.784664,3.816864,3.746701,3.650573,3.539881,3.586914
"PPP conversion factor, GDP (LCU per international $)",PA.NUS.PPP,Italy,ITA,0.691921,0.805259,0.739644,0.738694,0.700544,0.689895,0.681219,0.647298,0.632292,0.617429,0.595658,0.604018
"PPP conversion factor, GDP (LCU per international $)",PA.NUS.PPP,Jamaica,JAM,2.74536892799217,22.9647877139168,63.1997713041459,65.9062696407354,66.675524485405,68.5327301025391,71.6331405639648,74.1321411132813,77.2810134887695,81.3269805908203,85.7008277103818,92.3501422303604
"PPP conversion factor, GDP (LCU per international $)",PA.NUS.PPP,Japan,JPN,187.613076,154.691385,103.052076,103.469437,105.519502,105.101901,104.158636,103.231509,100.742048,98.690527,94.935505,94.677395
"PPP conversion factor, GDP (LCU per international $)",PA.NUS.PPP,Jordan,JOR,0.176581997262375,0.197417154628664,0.32540655643805,0.320099444614723,0.323572037655516,0.311540961265564,0.325495779514313,0.314005553722382,0.298109263181686,0.323472499847412,0.310053560100886,0.304468780401446
"PPP conversion factor, GDP (LCU per international $)",PA.NUS.PPP,Kazakhstan,KAZ,0.000686289282619444,22.6097623916237,92.951476814048,100.548503768533,111.098913040409,121.613784790039,130.108551025391,126.168754577637,124.875175476074,129.063003540039,144.409562325523,152.354214889111
"PPP conversion factor, GDP (LCU per international $)",PA.NUS.PPP,Kenya,KEN,8.46445381944751,21.7131743426389,38.8071942493241,39.7461923763189,40.2768851704376,41.2794494628906,42.1700057983398,42.6559524536133,42.8165397644043,42.3316535949707,41.9234236757222,43.1224591723171
"PPP conversion factor, GDP (LCU per international $)",PA.NUS.PPP,Kiribati,KIR,0.526029272988274,0.890833123082847,0.925986846989736,0.945663064684669,0.952445144018453,0.945901426097785,0.961692388692645,0.9125772122375,0.941358621539157,0.983862195783417,0.896498865884377,0.893225826763546
"PPP conversion factor, GDP (LCU per international $)",PA.NUS.PPP,"Korea, Dem. People's Rep.",PRK,..,..,..,..,..,..,..,..,..,..,..,..
"PPP conversion factor, GDP (LCU per international $)",PA.NUS.PPP,"Korea, Rep.",KOR,559.920181,747.736794,871.878106,857.483387,858.809687,872.624771,854.871397,847.547829,829.359157,827.274374,810.430886,800.348017
"PPP conversion factor, GDP (LCU per international $)",PA.NUS.PPP,Kosovo,XKX,..,..,0.358213026923013,0.364102999607314,0.370901881963636,0.3783280050989,0.370546696933857,0.363172820979497,0.359145199492702,0.360406752216835,0.360937677972875,0.365662394514768
"PPP conversion factor, GDP (LCU per international $)",PA.NUS.PPP,Kuwait,KWT,0.102395791255645,0.100833008867077,0.184760306448633,0.198600794503785,0.197206610920341,0.189230144023895,0.188494756817818,0.18986764550209,0.186391651630402,0.202588081359863,0.233435361990431,0.204475956836398
"PPP conversion factor, GDP (LCU per international $)",PA.NUS.PPP,Kyrgyz Republic,KGZ,0.00383163426053191,7.16634242519527,16.0463237607682,17.1601710682343,16.754661356211,16.9797916412354,18.4928894042969,18.709680557251,18.3638648986816,19.9189929962158,22.2667205004985,24.3658326983705
"PPP conversion factor, GDP (LCU per international $)",PA.NUS.PPP,Lao PDR,LAO,140.383475066541,1399.81669926871,2747.66571723553,2832.49758055387,2775.05374890645,2808.07495117188,2855.97534179688,2902.38134765625,2953.51440429688,3031.69677734375,3279.03713235925,3936.35447275292
"PPP conversion factor, GDP (LCU per international $)",PA.NUS.PPP,Latvia,LVA,0.00473184474646576,0.36081,0.497562,0.497568,0.484533,0.484536,0.489931,0.479802,0.469668,0.481173,0.496877,0.5045
"PPP conversion factor, GDP (LCU per international $)",PA.NUS.PPP,Lebanon,LBN,183.521536539854,757.141205030083,707.768888257175,682.218128383862,643.812344730719,619.012889525663,629.079223632813,637.468505859375,1261.38049316406,4099.5078125,8125.00103496882,..
"PPP conversion factor, GDP (LCU per international $)",PA.NUS.PPP,Lesotho,LSO,1.11599913391098,2.41397981495725,4.59576909047178,4.71398973377014,4.96202179071875,5.44063329696655,5.88551568984985,6.08720636367798,5.90795993804932,6.19413948059082,6.01523600970423,5.79823538516503
"PPP conversion factor, GDP (LCU per international $)",PA.NUS.PPP,Liberia,LBR,0.219786316079136,0.309184508696214,0.498116480600281,0.516691387802859,0.479498014061403,0.419995359707114,0.384615516378917,0.346489368061895,0.371666181394606,0.433967147111521,0.440555981445756,0.439516464456266
"PPP conversion factor, GDP (LCU per international $)",PA.NUS.PPP,Libya,LBY,0.107222870593333,0.179220681850148,0.648675125903312,0.575411507630909,0.616923073831624,0.77058482170105,0.809508691865281,0.860261435847223,0.8430191214172,1.76263952255249,2.02806928572036,1.7961438286171
"PPP conversion factor, GDP (LCU per international $)",PA.NUS.PPP,Liechtenstein,LIE,..,..,..,..,..,..,..,..,..,..,..,..
"PPP conversion factor, GDP (LCU per international $)",PA.NUS.PPP,Lithuania,LTU,0.00131311073710114,0.451668,0.442623,0.445856,0.438439,0.442719,0.44662,0.431815,0.433452,0.43449,0.466993,0.483176
"PPP conversion factor, GDP (LCU per international $)",PA.NUS.PPP,Luxembourg,LUX,0.926284,0.955731,0.884138,0.881261,0.851894,0.84831,0.848866,0.829429,0.838162,0.819534,0.810536,0.82753
"PPP conversion factor, GDP (LCU per international $)",PA.NUS.PPP,"Macao SAR, China",MAC,2.78239142138832,3.63949530530281,4.86066198348999,5.13702344894409,5.11785411834717,5.15491628646851,5.21224677706722,5.24346445546162,5.16255477876926,4.89717441121879,4.63251854427292,4.76146075882428
"PPP conversion factor, GDP (LCU per international $)",PA.NUS.PPP,Madagascar,MDG,83.5874706935437,306.979871252239,814.719408889882,872.87177670225,923.495121945439,990.840393066406,1079.08020019531,1121.69445800781,1145.66564941406,1173.85522460938,1188.0005494432,1248.82974959173
"PPP conversion factor, GDP (LCU per international $)",PA.NUS.PPP,Malawi,MWI,1.46468544128835,17.9729806742932,149.438883717352,192.140947084581,229.41508192791,262.308654785156,286.320281982422,298.671356201172,298.386444091797,294.85791015625,335.43489118443,418.309235434928
"PPP conversion factor, GDP (LCU per international $)",PA.NUS.PPP,Malaysia,MYS,0.969632027026682,1.19114789618302,1.4829363618214,1.53642074840383,1.55468238740456,1.60561609268188,1.58274710178375,1.56344366073608,1.52344620227814,1.5147716999054,1.50634780481254,1.42626807760626
"PPP conversion factor, GDP (LCU per international $)",PA.NUS.PPP,Maldives,MDV,2.01825417295225,3.05563739052965,8.18359007226739,8.29124510008011,8.14523104981474,8.18050575256348,8.02824115753174,7.82544136047363,8.47108268737793,8.21066951751709,7.91556971186761,7.85656491962535
"PPP conversion factor, GDP (LCU per international $)",PA.NUS.PPP,Mali,MLI,129.230179154443,169.528180838692,214.218045678152,212.641464424885,204.213906627892,205.839202880859,206.166381835938,201.951385498047,201.444030761719,203.722534179688,201.223242954394,199.69700312756
"PPP conversion factor, GDP (LCU per international $)",PA.NUS.PPP,Malta,MLT,0.56964136347398,0.579981395812397,0.586400997513383,0.599742644151624,0.583039875532218,0.586479302742464,0.586759201497193,0.563557977422879,0.557568014717625,0.552444223032199,0.55364152091066,0.561048150939
"PPP conversion factor, GDP (LCU per international $)",PA.NUS.PPP,Marshall Islands,MHL,0.83460157144726,0.907606426737589,0.949708356077553,0.910566954719564,0.968259404466781,0.971918699969815,0.926687249787773,0.873145477852241,0.920480419289194,0.932033025244732,0.880012327837339,0.902709949689365
"PPP conversion factor, GDP (LCU per international $)",PA.NUS.PPP,Mauritania,MRT,3.72670122286897,6.85433886107795,13.4165954484148,12.6922364006963,11.7823023786489,10.7990684509277,11.3220472335815,11.5568342208862,11.63316822052,12.035120010376,11.4498872616137,11.3448806661197
"PPP conversion factor, GDP (LCU per international $)",PA.NUS.PPP,Mauritius,MUS,7.63975874464191,11.5903809060205,16.6488607206872,16.6562911113604,16.344862941131,16.5445671081543,17.128044128418,16.8357048034668,16.625394821167,16.6290760040283,17.0213243253585,17.5198752901718
"PPP conversion factor, GDP (LCU per international $)",PA.NUS.PPP,Mexico,MEX,1.349533,6.078397,8.045318,8.327595,8.446043,8.913552,9.276363,9.528366,9.814966,9.941686,9.681626,9.65993
"PPP conversion factor, GDP (LCU per international $)",PA.NUS.PPP,"Micronesia, Fed. Sts.",FSM,0.864057526946178,0.873362605015124,0.926551735053656,0.869832031159148,0.880549625532499,0.947756064200014,1.0116987931477,0.960855601547776,0.913286807662901,0.890568630675341,0.924514915112296,0.946808218876195
"PPP conversion factor, GDP (LCU per international $)",PA.NUS.PPP,Moldova,MDA,0.000742998243938378,2.13458861625609,5.34262221232369,5.62562628482252,5.49348894436303,5.67734336853027,5.88437271118164,5.77169275283813,5.60316753387451,5.94675874710083,6.62521706571716,6.94888047523769
"PPP conversion factor, GDP (LCU per international $)",PA.NUS.PPP,Monaco,MCO,..,..,..,..,..,..,..,..,..,..,..,..
"PPP conversion factor, GDP (LCU per international $)",PA.NUS.PPP,Mongolia,MNG,1.7534787380855,137.049786702401,688.173608892972,723.239895521409,737.07136205792,801.668823242188,824.525756835938,851.149353027344,822.064819335938,870.184753417969,956.955962409813,1103.340170893
"PPP conversion factor, GDP (LCU per international $)",PA.NUS.PPP,Montenegro,MNE,..,0.293479398353862,0.36181143270726,0.359664862300244,0.349155744479868,0.350987300736956,0.348377363096368,0.329704000416168,0.320737542080014,0.326492325543266,0.338917784922477,0.355971914047
"PPP conversion factor, GDP (LCU per international $)",PA.NUS.PPP,Morocco,MAR,4.05760644557355,4.05308184080033,3.99033881576507,3.93905564348165,3.92247208626026,3.93708610534668,4.21316242218018,4.19297552108765,4.02811050415039,3.94628071784973,3.79919933253999,3.81892783199548
"PPP conversion factor, GDP (LCU per international $)",PA.NUS.PPP,Mozambique,MOZ,0.844097820833733,10.5541556892518,18.748299031241,18.5234654605181,20.1860127645374,23.3438453674316,23.5512657165527,23.3787746429443,22.7560958862305,22.907154083252,22.7701752406588,23.4570282308295
"PPP conversion factor, GDP (LCU per international $)",PA.NUS.PPP,Myanmar,MMR,8.65096502641111,59.4078613855783,293.976979060097,318.935665460928,347.012266726298,366.639312744141,343.601440429688,350.685333251953,354.559967041016,410.472595214844,407.108357201274,422.318062837737
"PPP conversion factor, GDP (LCU per international $)",PA.NUS.PPP,Namibia,NAM,1.42377805129248,2.91832429803534,5.62612760005985,5.87619885260804,6.33865336896453,6.92160367965698,7.12966299057007,7.1147084236145,6.82631635665894,6.71698379516602,6.67976130651545,6.85819521829883
"PPP conversion factor, GDP (LCU per international $)",PA.NUS.PPP,Nauru,NRU,0.602184174852836,0.93978806678416,1.03372847375238,0.935344367214054,1.16891592771371,1.32686419958565,1.52477009602537,1.43056859377208,1.47740566809148,1.65638483485102,1.36648678848697,1.41419412769361
"PPP conversion factor, GDP (LCU per international $)",PA.NUS.PPP,Nepal,NPL,6.85454384319008,12.603636840957,27.8081906621043,29.4549209427301,31.3487650786609,30.4751052856445,31.1103649139404,31.8753757476807,31.6953372955322,32.4816780090332,32.8458692669969,33.4071598443357
"PPP conversion factor, GDP (LCU per international $)",PA.NUS.PPP,Netherlands,NLD,0.918099,0.890437,0.808798,0.809978,0.795448,0.78215,0.776747,0.767329,0.747828,0.733515,0.726469,0.739454
"PPP conversion factor, GDP (LCU per international $)",PA.NUS.PPP,New Caledonia,NCL,..,..,..,..,..,..,..,..,..,..,..,..
"PPP conversion factor, GDP (LCU per international $)",PA.NUS.PPP,New Zealand,NZL,1.53733,1.444836,1.44073,1.478014,1.441008,1.430959,1.47006,1.436661,1.422947,1.455754,1.45327,1.460444
"PPP conversion factor, GDP (LCU per international $)",PA.NUS.PPP,Nicaragua,NIC,0.0628262888684597,4.59831808823708,10.0315089647279,10.3769956491351,10.3718349580235,10.5358943939209,10.8195791244507,10.8463048934937,10.6103572845459,10.564323425293,10.7357374110945,11.4631845494296
"PPP conversion factor, GDP (LCU per international $)",PA.NUS.PPP,Niger,NER,156.146999793726,180.991597871014,240.351208944006,244.950867403413,250.645662672075,250.788452148438,251.85302734375,231.897216796875,222.843276977539,212.888137817383,206.87779295931,206.364660706062
"PPP conversion factor, GDP (LCU per international $)",PA.NUS.PPP,Nigeria,NGA,2.34965203737884,23.3246500900091,92.3195424739233,96.1893655294467,104.499952232403,114.824493408203,123.914825439453,129.647445678711,134.639099121094,146.717681884766,152.570856698917,165.785284949663
"PPP conversion factor, GDP (LCU per international $)",PA.NUS.PPP,North Macedonia,MKD,0.0482164040032132,19.9437721651454,18.997255404989,19.4420122639407,18.9593882186243,18.971970961339,18.9523719113618,18.2566456848567,18.0638402524481,17.7484897022286,18.1336817408791,18.6516828695
"PPP conversion factor, GDP (LCU per international $)",PA.NUS.PPP,Northern Mariana Islands,MNP,..,..,..,..,..,..,..,..,..,..,..,..
"PPP conversion factor, GDP (LCU per international $)",PA.NUS.PPP,Norway,NOR,9.583006,9.085403,9.278458,9.932516,10.0419,9.74983,9.583999,9.481152,9.588324,8.962043,8.418371,8.894996
"PPP conversion factor, GDP (LCU per international $)",PA.NUS.PPP,Oman,OMN,0.107434678435161,0.0923015419471134,0.201313489093613,0.200559125055299,0.197362899134665,0.203804805874825,0.202545270323753,0.197977468371391,0.183537229895592,0.192684262990952,0.224375561795763,0.201639189861095
"PPP conversion factor, GDP (LCU per international $)",PA.NUS.PPP,Pakistan,PAK,6.29803040090348,12.9553194829318,30.2479895467861,31.2534611756898,32.1021392014357,33.2462348937988,34.6823616027832,37.6706199645996,40.0747337341309,43.4407234191895,46.2313784512017,56.2744628403118
"PPP conversion factor, GDP (LCU per international $)",PA.NUS.PPP,Palau,PLW,0.666676696450379,0.765058911983911,0.849643914975902,0.89655122315097,0.936091176562907,0.912604132926216,0.873858792600102,0.832971652114227,0.824258432974273,0.808066925999322,0.798780000673691,0.832744639508332
"PPP conversion factor, GDP (LCU per international $)",PA.NUS.PPP,Panama,PAN,0.51664373622089,0.485727222020264,0.542055920926051,0.516884225192376,0.489893443799203,0.46803081035614,0.497522056102753,0.495729207992554,0.491933196783066,0.501403868198395,0.479895692703892,0.470127945537058
"PPP conversion factor, GDP (LCU per international $)",PA.NUS.PPP,Papua New Guinea,PNG,0.727106172374093,1.25602615721485,1.91532790411442,1.87435315018583,1.90345749039088,2.01394900193006,2.16174458683403,2.14868282657922,2.15529939821267,2.30635436438146,2.48743885995066,2.33960072399207
"PPP conversion factor, GDP (LCU per international $)",PA.NUS.PPP,Paraguay,PRY,314.20494270507,872.503723898403,2354.52258242817,2413.54097564554,2456.88392018762,2473.22973632813,2537.22705078125,2567.44946289063,2538.99243164063,2628.08447265625,2652.96644296812,2612.61995392143
"PPP conversion factor, GDP (LCU per international $)",PA.NUS.PPP,Peru,PER,0.0737618958640434,1.35462332867259,1.64340328251833,1.71067607184917,1.73893024874345,1.74423778057098,1.75371789932251,1.73128080368042,1.70620810985565,1.73354005813599,1.6967032678914,1.74452671883385
"PPP conversion factor, GDP (LCU per international $)",PA.NUS.PPP,Philippines,PHL,7.48709549720464,13.7976794482995,19.0280566369191,19.2053500054402,19.2036678961722,19.6985569000244,19.9645137786865,19.7382965087891,19.4414348602295,19.37526512146,19.0942725763965,19.2695632962606
"PPP conversion factor, GDP (LCU per international $)",PA.NUS.PPP,Poland,POL,0.266082,1.832933,1.767142,1.765116,1.732843,1.742879,1.748426,1.698557,1.698184,1.722789,1.787327,1.879248
"PPP conversion factor, GDP (LCU per international $)",PA.NUS.PPP,Portugal,PRT,0.476282,0.661032,0.578868,0.584947,0.571416,0.575688,0.571227,0.550687,0.542815,0.537629,0.523337,0.517344
"PPP conversion factor, GDP (LCU per international $)",PA.NUS.PPP,Puerto Rico,PRI,0.645231035743903,0.705907473604765,0.882221594454939,0.90466688850717,0.929672822662417,0.951732039451599,0.910205298541424,0.8788661493183,0.852639704445258,0.804228127002716,0.77411533970985,0.771056552808603
"PPP conversion factor, GDP (LCU per international $)",PA.NUS.PPP,Qatar,QAT,1.09356757784182,1.12807669920336,2.35098046824301,2.44872174938052,2.47916833543127,2.31826210021973,2.35007429122925,2.26322555541992,2.2900722026825,2.23547983169556,2.62893384958065,..
"PPP conversion factor, GDP (LCU per international $)",PA.NUS.PPP,Romania,ROU,0.000700729715029103,0.616103419350016,1.62848359334131,1.66299323542309,1.59698693505032,1.61372674262873,1.66570153787735,1.63684128387869,1.61470357145139,1.6377555524726,1.71206723189791,1.75887412014
"PPP conversion factor, GDP (LCU per international $)",PA.NUS.PPP,Russian Federation,RUS,0.000542316525223314,7.301404,20.998875,23.562632,24.192337,24.124181,24.542904,23.9342746734619,23.1451683044434,23.6851463317871,25.8257833472638,26.6801077041224
"PPP conversion factor, GDP (LCU per international $)",PA.NUS.PPP,Rwanda,RWA,60.7292483898217,161.099693862507,294.913953031534,296.716768611064,307.714435492698,320.420104980469,312.66552734375,311.861206054688,321.472442626953,300.028503417969,324.90022787943,345.229437397842
"PPP conversion factor, GDP (LCU per international $)",PA.NUS.PPP,Samoa,WSM,0.799826753614187,1.47786920305437,1.6916926713417,1.74259065518976,1.76493499848913,1.7391712452201,1.71888239068677,1.71585601649056,1.7142131747319,1.63248936400745,1.61109748186802,1.69170325252631
"PPP conversion factor, GDP (LCU per international $)",PA.NUS.PPP,San Marino,SMR,..,0.757919581291116,0.729271897180996,0.744308864340404,0.755666151216932,0.762517094612122,0.745550360497015,0.725066228661728,0.704549975062565,0.707382142543793,..,..
"PPP conversion factor, GDP (LCU per international $)",PA.NUS.PPP,Sao Tome and Principe,STP,0.0924222770819126,2.30618680399599,8.56661469961141,9.10448320194963,9.63069604697786,9.92154121398926,9.68453502655029,9.16576766967773,9.12815380096436,8.59929370880127,9.34341715551984,9.79520128561749
"PPP conversion factor, GDP (LCU per international $)",PA.NUS.PPP,Saudi Arabia,SAU,0.847406207867763,0.864094335809051,1.66624773610963,1.61708220154568,1.67218384513799,1.68927085399628,1.85423243045807,1.86156821250916,1.92073905467987,1.9094260931015,2.10462878356837,1.97040765961378
"PPP conversion factor, GDP (LCU per international $)",PA.NUS.PPP,Senegal,SEN,172.2601923187,218.217510236103,242.032296063747,240.491669749981,242.008808995479,243.583801269531,238.688049316406,229.867340087891,224.08723449707,212.330551147461,215.684955234651,219.128224654895
"PPP conversion factor, GDP (LCU per international $)",PA.NUS.PPP,Serbia,SRB,..,9.59876415039492,39.8047969501315,40.7402934431768,40.4566828502566,40.8247996208765,41.0070113103149,39.6509389793477,39.7621161695849,40.65336931983,42.5023275444716,44.9444593312
"PPP conversion factor, GDP (LCU per international $)",PA.NUS.PPP,Seychelles,SYC,3.36251962919714,3.14758695735666,7.74897049554928,8.02602612193369,7.65869628659678,7.77740812301636,7.99357652664185,7.84994125366211,7.96504259109497,8.45630931854248,8.02033363371531,7.6661137781464
"PPP conversion factor, GDP (LCU per international $)",PA.NUS.PPP,Sierra Leone,SLE,0.0297491157136084,0.424625198802737,1.8308592868493,1.91253606391571,2.01574165142237,2.30020141601563,2.54101293945313,2.81134326171875,3.0558271484375,3.24386401367188,3.79816877031601,4.99976356177989
"PPP conversion factor, GDP (LCU per international $)",PA.NUS.PPP,Singapore,SGP,0.971397349579443,0.939246682334647,0.86260152288751,0.877768678852892,0.876020603895985,0.883214712142944,0.867735683917999,0.854120194911957,0.834628343582153,0.811010360717773,0.859781983880883,0.804086116592075
"PPP conversion factor, GDP (LCU per international $)",PA.NUS.PPP,Sint Maarten (Dutch part),SXM,..,..,1.52758036277378,1.51909831986512,1.48917964786914,1.39649999141693,1.36262941360474,1.36500227451324,1.38735342025757,1.43830955028534,1.39020256352509,1.36985036088976
"PPP conversion factor, GDP (LCU per international $)",PA.NUS.PPP,Slovak Republic,SVK,0.222355140559302,0.516385,0.485412,0.491548,0.503194,0.516433,0.526001,0.510067,0.48909,0.486965,0.49218,0.506852
"PPP conversion factor, GDP (LCU per international $)",PA.NUS.PPP,Slovenia,SVN,0.034748,0.526511,0.591238,0.595298,0.577106,0.570149,0.567612,0.544192,0.532257,0.533293,0.526632,0.541355
"PPP conversion factor, GDP (LCU per international $)",PA.NUS.PPP,Solomon Islands,SLB,1.89041477435804,3.82387788873376,6.71630412676904,6.87799166455287,6.83674564528877,6.88952917643131,7.26447849335179,7.2332421461848,7.04430692268978,6.36472913378284,6.06597421184586,6.08033727731148
"PPP conversion factor, GDP (LCU per international $)",PA.NUS.PPP,Somalia,SOM,651.146306872638,7912.75925680192,7703.87877560683,7392.42009962119,7238.54410015133,7390.98452334284,7866.17688819609,8740.89828673751,9178.7463157475,10268.4172726634,10219.7257670089,10867.5164798451
"PPP conversion factor, GDP (LCU per international $)",PA.NUS.PPP,South Africa,ZAF,1.25844116921577,2.75855373001632,5.5660949231475,5.81717732887118,6.14841834119248,6.41333675384521,6.85541534423828,7.06522130966187,7.24892425537109,7.37613821029663,7.2189184212586,7.2801946616266
"PPP conversion factor, GDP (LCU per international $)",PA.NUS.PPP,South Sudan,SSD,..,..,2.67058842687124,3.37095053486236,..,..,..,..,..,..,..,..
"PPP conversion factor, GDP (LCU per international $)",PA.NUS.PPP,Spain,ESP,0.618359,0.739777,0.662359,0.66474,0.642644,0.630839,0.631798,0.604131,0.606275,0.590962,0.57881,0.572592
"PPP conversion factor, GDP (LCU per international $)",PA.NUS.PPP,Sri Lanka,LKA,9.95647979362501,19.0851973326692,44.2462388515779,45.112389125597,46.1923261027497,49.2740936279297,49.967601776123,51.7085876464844,55.1600952148438,55.5265464782715,76.4954342163252,86.7353177891082
"PPP conversion factor, GDP (LCU per international $)",PA.NUS.PPP,St. Kitts and Nevis,KNA,1.48641500437303,1.63813671203603,2.04040925302396,2.04214786936031,2.04667573482668,2.05065178871155,2.00792121887207,1.96132147312164,1.86340057849884,1.84317195415497,1.78082219181537,1.82301713051001
"PPP conversion factor, GDP (LCU per international $)",PA.NUS.PPP,St. Lucia,LCA,1.60167019816278,1.70445271671024,1.88300091358507,1.94412526193526,1.87649162213908,1.89693486690521,1.80317461490631,1.70198357105255,1.52291166782379,1.47842586040497,1.49418639564505,1.50211728050232
"PPP conversion factor, GDP (LCU per international $)",PA.NUS.PPP,St. Martin (French part),MAF,..,..,..,..,..,..,..,..,..,..,..,..
"PPP conversion factor, GDP (LCU per international $)",PA.NUS.PPP,St. Vincent and the Grenadines,VCT,1.39717267239258,1.49181396240276,1.59496561087086,1.60395332994011,1.53212034819621,1.58873176574707,1.54909288883209,1.53848028182983,1.47022485733032,1.44013321399689,1.39120110695472,1.39641113345768
"PPP conversion factor, GDP (LCU per international $)",PA.NUS.PPP,Sudan,SDN,0.00385379383556816,0.355855775867311,2.66429063890674,3.03403527703952,3.46689202545808,4.77295541763306,7.0852689743042,10.9736919403076,25.9514312744141,85.7226867675781,173.681336386538,514.307134863817
"PPP conversion factor, GDP (LCU per international $)",PA.NUS.PPP,Suriname,SUR,0.00205401675382329,0.452321775334011,1.81092750767179,1.82023509450537,2.42866500604888,2.57841467857361,2.7858772277832,2.64944648742676,3.73132395744324,5.3682279586792,7.21619911955204,10.6044507958133
"PPP conversion factor, GDP (LCU per international $)",PA.NUS.PPP,Sweden,SWE,8.871508,9.163089,8.727131,8.854383,8.822586,8.852247,8.865881,8.584015,8.435616,8.311676,8.363085,8.509281
"PPP conversion factor, GDP (LCU per international $)",PA.NUS.PPP,Switzerland,CHE,1.932927,1.78866,1.281761,1.235788,1.201964,1.187726,1.178866,1.133809,1.104751,1.046474,0.981279,0.966273
"PPP conversion factor, GDP (LCU per international $)",PA.NUS.PPP,Syrian Arab Republic,SYR,..,..,..,..,..,132.995910644531,141.603332519531,163.027435302734,237.009140014648,417.322418212891,..,..
"PPP conversion factor, GDP (LCU per international $)",PA.NUS.PPP,Tajikistan,TJK,5.22819753201785E-06,0.27437874515769,1.69437273495577,1.98206846361453,2.12092749841489,2.35055923461914,2.48761677742004,2.39919829368591,2.35681772232056,2.5442578792572,2.57328569310553,2.53711704890444
"PPP conversion factor, GDP (LCU per international $)",PA.NUS.PPP,Tanzania,TZA,51.3508355302647,276.298694277931,760.901227042674,806.452660291479,852.166699351825,889.44873046875,849.043212890625,815.964294433594,779.039184570313,762.958374023438,732.463061080849,726.476102762249
"PPP conversion factor, GDP (LCU per international $)",PA.NUS.PPP,Thailand,THA,8.96313068184364,11.038852109913,12.2628079911661,12.3379218581063,12.3508534176816,12.3857574462891,12.1526117324829,11.8285846710205,11.4072952270508,11.1481275558472,10.9112914640691,10.6559974609307
"PPP conversion factor, GDP (LCU per international $)",PA.NUS.PPP,Timor-Leste,TLS,0.246061698750005,0.332030494855059,0.428254989272727,0.424637953835626,0.393877192203333,0.365617901086807,0.34242276590442,0.342878394462742,0.265956834851583,0.393393218517303,0.409249229951958,0.322713344756041
"PPP conversion factor, GDP (LCU per international $)",PA.NUS.PPP,Togo,TGO,141.039776959351,221.418407605977,234.28539708271,236.228225923929,236.861637104047,231.840179443359,228.706680297852,218.590423583984,208.467544555664,202.174468994141,196.725003622138,194.731218631422
"PPP conversion factor, GDP (LCU per international $)",PA.NUS.PPP,Tonga,TON,0.704067894924151,0.940163691653863,1.40217338844866,1.46268107045339,1.49317537039246,1.54925571659408,1.59240519661869,1.68676728129674,1.59489317759001,1.49529759154827,1.51582880307416,..
"PPP conversion factor, GDP (LCU per international $)",PA.NUS.PPP,Trinidad and Tobago,TTO,2.50098334983259,2.78961380305609,4.38425220895755,4.25239581601675,4.12188799550597,4.18089962005615,4.14924287796021,3.96576571464539,3.85990810394287,3.92725038528442,4.43258908738084,3.91967295016779
"PPP conversion factor, GDP (LCU per international $)",PA.NUS.PPP,Tunisia,TUN,0.397928640221974,0.506171131005807,0.691510979296202,0.730423355794027,0.751815691885531,0.775635421276093,0.810976982116699,0.828764498233795,0.837391257286072,0.87733256816864,0.845232802506099,0.884587105183473
"PPP conversion factor, GDP (LCU per international $)",PA.NUS.PPP,Turkiye,TUR,0.001186,0.281594,1.104504,1.162452,1.241052,1.38398,1.63261,1.837125,2.111056,2.725605,4.605662,6.974967
"PPP conversion factor, GDP (LCU per international $)",PA.NUS.PPP,Turkmenistan,TKM,2.52008675623336E-07,0.456908391581599,1.63649724899522,1.58541391961658,1.54066564780999,1.53630566596985,1.49199550558646,1.50332972021,1.52900388443585,1.50170361995697,1.49366317685641,1.43591360484589
"PPP conversion factor, GDP (LCU per international $)",PA.NUS.PPP,Turks and Caicos Islands,TCA,..,..,1.06835783618016,1.07176271991537,1.05349065622913,0.997238159179688,1.01522052288055,1.01947629451752,1.05944132804871,1.09070706367493,1.12738230688755,1.2263883735119
"PPP conversion factor, GDP (LCU per international $)",PA.NUS.PPP,Tuvalu,TUV,0.833916231635138,1.06904633566408,1.16679641405364,1.19309829887651,1.2783456720927,1.29315420767651,1.35642331339937,1.41992636031528,1.41390315759245,1.41525535397602,1.39550927404468,1.42727299541079
"PPP conversion factor, GDP (LCU per international $)",PA.NUS.PPP,Uganda,UGA,190.246788475681,561.50966871289,1065.69998821225,1114.23857909872,1196.83942738034,1251.63403320313,1253.7099609375,1258.25891113281,1240.85021972656,1203.16076660156,1179.34574920566,1228.430688278
"PPP conversion factor, GDP (LCU per international $)",PA.NUS.PPP,Ukraine,UKR,4.22657571850748E-06,0.840580752656986,3.46040921289247,4.61135981719733,5.07623564154548,6.00422334671021,6.62753629684448,6.58044958114624,6.43497943878174,7.302161693573,9.20369836306358,10.5235219853264
"PPP conversion factor, GDP (LCU per international $)",PA.NUS.PPP,United Arab Emirates,ARE,1.12769986207302,1.20109402020605,2.21351673547793,2.22924693053669,2.24174884422555,2.28525042533875,2.23515868186951,2.1137228012085,2.08898448944092,2.36256718635559,2.49942241788049,2.31884546890079
"PPP conversion factor, GDP (LCU per international $)",PA.NUS.PPP,United Kingdom,GBR,0.630602,0.704522,0.698444,0.692551,0.688603,0.684601,0.687714,0.669665,0.653446,0.644896,0.651256,0.667418
"PPP conversion factor, GDP (LCU per international $)",PA.NUS.PPP,United States,USA,1,1,1,1,1,1,1,1,1,1,1,1
"PPP conversion factor, GDP (LCU per international $)",PA.NUS.PPP,Uruguay,URY,0.56021892235791,7.73593267193423,19.4771944663324,21.1111914756944,22.4626168573176,23.3047561645508,24.2535629272461,25.0450210571289,25.7344722747803,26.462287902832,25.7709790269512,25.7177624165063
"PPP conversion factor, GDP (LCU per international $)",PA.NUS.PPP,Uzbekistan,UZB,0.00063401438600073,52.954346060742,935.237245846632,1058.67768324759,1179.95670461133,1432.90717805091,1799.89237531589,2111.31955499463,2353.38338692144,2591.1123046875,2781.57000688109,3012.05243343799
"PPP conversion factor, GDP (LCU per international $)",PA.NUS.PPP,Vanuatu,VUT,77.3347476632495,91.1073073126921,99.1342412517319,103.982294326086,104.627777263724,108.300650580464,109.270207712599,110.99058852099,112.595104167324,108.412512003296,112.650617936039,120.98165140284
"PPP conversion factor, GDP (LCU per international $)",PA.NUS.PPP,"Venezuela, RB",VEN,0.012104274326591,0.280528277622114,..,..,..,..,..,..,..,..,..,..
"PPP conversion factor, GDP (LCU per international $)",PA.NUS.PPP,Viet Nam,VNM,672.277046917731,2780.34949717275,7379.99614837162,7290.14880429467,7163.83114802902,7211.599609375,7275.826171875,7191.1884765625,7064.95361328125,7120.01123046875,6921.14081786334,6805.03072394812
"PPP conversion factor, GDP (LCU per international $)",PA.NUS.PPP,Virgin Islands (U.S.),VIR,..,..,1.02115095650888,1.04401205652626,1.05540339694868,1.0434159040451,0.997733711650467,0.965312692933229,0.953011997636306,0.907823741436005,..,..
"PPP conversion factor, GDP (LCU per international $)",PA.NUS.PPP,West Bank and Gaza,PSE,..,0.556253478052099,0.622879739231319,0.567099536161527,0.58190009696282,0.592855823160836,0.573107484443397,0.561863300477572,0.542883355404701,0.649577372979557,0.617060162891531,0.571905822259302
"PPP conversion factor, GDP (LCU per international $)",PA.NUS.PPP,"Yemen, Rep.",YEM,6.11414813607265,30.2677240192087,..,..,..,..,..,..,..,..,..,..
"PPP conversion factor, GDP (LCU per international $)",PA.NUS.PPP,Zambia,ZMB,0.00956647595607995,0.654444802558602,3.05394151611266,3.35055571386025,3.8559028791987,4.16286420822144,4.44762897491455,4.82785272598267,5.52910757064819,6.44128704071045,6.38475594757581,6.70755666282946
"PPP conversion factor, GDP (LCU per international $)",PA.NUS.PPP,Zimbabwe,ZWE,0.758628069352496,0.395960638920894,0.537396812129781,0.523839856261066,0.503224091150613,0.613429012978077,1.77105767130256,5.09612328128815,31.5961934064567,60.8777489512443,207.348972223936,1921.54418925218
"PPP conversion factor, GDP (LCU per international $)",PA.NUS.PPP,Africa Eastern and Southern,AFE,..,..,..,..,..,..,..,..,..,..,..,..
"PPP conversion factor, GDP (LCU per international $)",PA.NUS.PPP,Africa Western and Central,AFW,..,..,..,..,..,..,..,..,..,..,..,..
"PPP conversion factor, GDP (LCU per international $)",PA.NUS.PPP,Arab World,ARB,..,..,..,..,..,..,..,..,..,..,..,..
"PPP conversion factor, GDP (LCU per international $)",PA.NUS.PPP,Caribbean small states,CSS,..,..,..,..,..,..,..,..,..,..,..,..
"PPP conversion factor, GDP (LCU per international $)",PA.NUS.PPP,Central Europe and the Baltics,CEB,..,..,..,..,..,..,..,..,..,..,..,..
"PPP conversion factor, GDP (LCU per international $)",PA.NUS.PPP,Early-demographic dividend,EAR,..,..,..,..,..,..,..,..,..,..,..,..
"PPP conversion factor, GDP (LCU per international $)",PA.NUS.PPP,East Asia & Pacific,EAS,..,..,..,..,..,..,..,..,..,..,..,..
"PPP conversion factor, GDP (LCU per international $)",PA.NUS.PPP,East Asia & Pacific (excluding high income),EAP,..,..,..,..,..,..,..,..,..,..,..,..
"PPP conversion factor, GDP (LCU per international $)",PA.NUS.PPP,East Asia & Pacific (IDA & IBRD countries),TEA,..,..,..,..,..,..,..,..,..,..,..,..
"PPP conversion factor, GDP (LCU per international $)",PA.NUS.PPP,Euro area,EMU,..,..,..,..,..,..,..,..,..,..,..,..
"PPP conversion factor, GDP (LCU per international $)",PA.NUS.PPP,Europe & Central Asia,ECS,..,..,..,..,..,..,..,..,..,..,..,..
"PPP conversion factor, GDP (LCU per international $)",PA.NUS.PPP,Europe & Central Asia (excluding high income),ECA,..,..,..,..,..,..,..,..,..,..,..,..
"PPP conversion factor, GDP (LCU per international $)",PA.NUS.PPP,Europe & Central Asia (IDA & IBRD countries),TEC,..,..,..,..,..,..,..,..,..,..,..,..
"PPP conversion factor, GDP (LCU per international $)",PA.NUS.PPP,European Union,EUU,..,..,..,..,..,..,..,..,..,..,..,..
"PPP conversion factor, GDP (LCU per international $)",PA.NUS.PPP,Fragile and conflict affected situations,FCS,..,..,..,..,..,..,..,..,..,..,..,..
"PPP conversion factor, GDP (LCU per international $)",PA.NUS.PPP,Heavily indebted poor countries (HIPC),HPC,..,..,..,..,..,..,..,..,..,..,..,..
"PPP conversion factor, GDP (LCU per international $)",PA.NUS.PPP,High income,HIC,..,..,..,..,..,..,..,..,..,..,..,..
"PPP conversion factor, GDP (LCU per international $)",PA.NUS.PPP,IBRD only,IBD,..,..,..,..,..,..,..,..,..,..,..,..
"PPP conversion factor, GDP (LCU per international $)",PA.NUS.PPP,IDA & IBRD total,IBT,..,..,..,..,..,..,..,..,..,..,..,..
"PPP conversion factor, GDP (LCU per international $)",PA.NUS.PPP,IDA blend,IDB,..,..,..,..,..,..,..,..,..,..,..,..
"PPP conversion factor, GDP (LCU per international $)",PA.NUS.PPP,IDA only,IDX,..,..,..,..,..,..,..,..,..,..,..,..
"PPP conversion factor, GDP (LCU per international $)",PA.NUS.PPP,IDA total,IDA,..,..,..,..,..,..,..,..,..,..,..,..
"PPP conversion factor, GDP (LCU per international $)",PA.NUS.PPP,Late-demographic dividend,LTE,..,..,..,..,..,..,..,..,..,..,..,..
"PPP conversion factor, GDP (LCU per international $)",PA.NUS.PPP,Latin America & Caribbean,LCN,..,..,..,..,..,..,..,..,..,..,..,..
"PPP conversion factor, GDP (LCU per international $)",PA.NUS.PPP,Latin America & Caribbean (excluding high income),LAC,..,..,..,..,..,..,..,..,..,..,..,..
"PPP conversion factor, GDP (LCU per international $)",PA.NUS.PPP,Latin America & the Caribbean (IDA & IBRD countries),TLA,..,..,..,..,..,..,..,..,..,..,..,..
"PPP conversion factor, GDP (LCU per international $)",PA.NUS.PPP,Least developed countries: UN classification,LDC,..,..,..,..,..,..,..,..,..,..,..,..
"PPP conversion factor, GDP (LCU per international $)",PA.NUS.PPP,Low & middle income,LMY,..,..,..,..,..,..,..,..,..,..,..,..
"PPP conversion factor, GDP (LCU per international $)",PA.NUS.PPP,Low income,LIC,..,..,..,..,..,..,..,..,..,..,..,..
"PPP conversion factor, GDP (LCU per international $)",PA.NUS.PPP,Lower middle income,LMC,..,..,..,..,..,..,..,..,..,..,..,..
"PPP conversion factor, GDP (LCU per international $)",PA.NUS.PPP,Middle East & North Africa,MEA,..,..,..,..,..,..,..,..,..,..,..,..
"PPP conversion factor, GDP (LCU per international $)",PA.NUS.PPP,Middle East & North Africa (excluding high income),MNA,..,..,..,..,..,..,..,..,..,..,..,..
"PPP conversion factor, GDP (LCU per international $)",PA.NUS.PPP,Middle East & North Africa (IDA & IBRD countries),TMN,..,..,..,..,..,..,..,..,..,..,..,..
"PPP conversion factor, GDP (LCU per international $)",PA.NUS.PPP,Middle income,MIC,..,..,..,..,..,..,..,..,..,..,..,..
"PPP conversion factor, GDP (LCU per international $)",PA.NUS.PPP,North America,NAC,..,..,..,..,..,..,..,..,..,..,..,..
"PPP conversion factor, GDP (LCU per international $)",PA.NUS.PPP,Not classified,INX,..,..,..,..,..,..,..,..,..,..,..,..
"PPP conversion factor, GDP (LCU per international $)",PA.NUS.PPP,OECD members,OED,..,..,..,..,..,..,..,..,..,..,..,..
"PPP conversion factor, GDP (LCU per international $)",PA.NUS.PPP,Other small states,OSS,..,..,..,..,..,..,..,..,..,..,..,..
"PPP conversion factor, GDP (LCU per international $)",PA.NUS.PPP,Pacific island small states,PSS,..,..,..,..,..,..,..,..,..,..,..,..
"PPP conversion factor, GDP (LCU per international $)",PA.NUS.PPP,Post-demographic dividend,PST,..,..,..,..,..,..,..,..,..,..,..,..
"PPP conversion factor, GDP (LCU per international $)",PA.NUS.PPP,Pre-demographic dividend,PRE,..,..,..,..,..,..,..,..,..,..,..,..
"PPP conversion factor, GDP (LCU per international $)",PA.NUS.PPP,Small states,SST,..,..,..,..,..,..,..,..,..,..,..,..
"PPP conversion factor, GDP (LCU per international $)",PA.NUS.PPP,South Asia,SAS,..,..,..,..,..,..,..,..,..,..,..,..
"PPP conversion factor, GDP (LCU per international $)",PA.NUS.PPP,South Asia (IDA & IBRD),TSA,..,..,..,..,..,..,..,..,..,..,..,..
"PPP conversion factor, GDP (LCU per international $)",PA.NUS.PPP,Sub-Saharan Africa,SSF,..,..,..,..,..,..,..,..,..,..,..,..
"PPP conversion factor, GDP (LCU per international $)",PA.NUS.PPP,Sub-Saharan Africa (excluding high income),SSA,..,..,..,..,..,..,..,..,..,..,..,..
"PPP conversion factor, GDP (LCU per international $)",PA.NUS.PPP,Sub-Saharan Africa (IDA & IBRD countries),TSS,..,..,..,..,..,..,..,..,..,..,..,..
"PPP conversion factor, GDP (LCU per international $)",PA.NUS.PPP,Upper middle income,UMC,..,..,..,..,..,..,..,..,..,..,..,..
"PPP conversion factor, GDP (LCU per international $)",PA.NUS.PPP,World,WLD,..,..,..,..,..,..,..,..,..,..,..,..
,,,,,,,,,,,,,,,
,,,,,,,,,,,,,,,
,,,,,,,,,,,,,,,
Data from database: World Development Indicators,,,,,,,,,,,,,,,
Last Updated: 09/19/2024,,,,,,,,,,,,,,,
